infinitive,gerund,present participle,past participle,compound verb,indicative|present|first person singular,indicative|present|second person singular,indicative|present|third person singular,indicative|present|first person plural,indicative|present|second person plural,indicative|present|third person plural,indicative|imperfect|first person singular,indicative|imperfect|second person singular,indicative|imperfect|third person singular,indicative|imperfect|first person plural,indicative|imperfect|second person plural,indicative|imperfect|third person plural,indicative|past historic|first person singular,indicative|past historic|second person singular,indicative|past historic|third person singular,indicative|past historic|first person plural,indicative|past historic|second person plural,indicative|past historic|third person plural,indicative|future|first person singular,indicative|future|second person singular,indicative|future|third person singular,indicative|future|first person plural,indicative|future|second person plural,indicative|future|third person plural,indicative|conditional|first person singular,indicative|conditional|second person singular,indicative|conditional|third person singular,indicative|conditional|first person plural,indicative|conditional|second person plural,indicative|conditional|third person plural,subjunctive|present|first person singular,subjunctive|present|second person singular,subjunctive|present|third person singular,subjunctive|present|first person plural,subjunctive|present|second person plural,subjunctive|present|third person plural,subjunctive|imperfect|first person singular,subjunctive|imperfect|second person singular,subjunctive|imperfect|third person singular,subjunctive|imperfect|first person plural,subjunctive|imperfect|second person plural,subjunctive|imperfect|third person plural,imperative|second person singular,imperative|first person plural,imperative|second person plural
avoir,ayant,ayant,eu,avoir,ai,as,a,avons,avez,ont,avais,avais,avait,avions,aviez,avaient,eus,eus,eut,eÃ»mes,eÃ»tes,eurent,aurai,auras,aura,aurons,aurez,auront,aurais,aurais,aurait,aurions,auriez,auraient,aie,aies,ait,ayons,ayez,aient,eusse,eusses,eÃ»t,eussions,eussiez,eussent,aie,ayons,ayez
Ãªtre,Ã©tant,Ã©tant,Ã©tÃ©,avoir,suis,es,est,sommes,Ãªtes,sont,Ã©tais,Ã©tais,Ã©tait,Ã©tions,Ã©tiez,Ã©taient,fus,fus,fut,fÃ»mes,fÃ»tes,furent,serai,seras,sera,serons,serez,seront,serais,serais,serait,serions,seriez,seraient,sois,sois,soit,soyons,soyez,soient,fusse,fusses,fÃ»t,fussions,fussiez,fussent,sois,soyons,soyez
faire,faisant,faisant,fait,avoir,fais,fais,fait,faisons,faites,font,faisais,faisais,faisait,faisions,faisiez,faisaient,fis,fis,fit,fÃ®mes,fÃ®tes,firent,ferai,feras,fera,ferons,ferez,feront,ferais,ferais,ferait,ferions,feriez,feraient,fasse,fasses,fasse,fassions,fassiez,fassent,fisse,fisses,fÃ®t,fissions,fissiez,fissent,fais,faisons,faites
aller,allant,allant,allÃ©,Ãªtre,vais,vas,va,allons,allez,vont,allais,allais,allait,allions,alliez,allaient,allai,allas,alla,allÃ¢mes,allÃ¢tes,allÃ¨rent,irai,iras,ira,irons,irez,iront,irais,irais,irait,irions,iriez,iraient,aille,ailles,aille,allions,alliez,aillent,allasse,allasses,allÃ¢t,allassions,allassiez,allassent,va,allons,allez
pouvoir,pouvant,pouvant,pu,avoir,peux,peux,peut,pouvons,pouvez,peuvent,pouvais,pouvais,pouvait,pouvions,pouviez,pouvaient,pus,pus,put,pÃ»mes,pÃ»tes,purent,pourrai,pourras,pourra,pourrons,pourrez,pourront,pourrais,pourrais,pourrait,pourrions,pourriez,pourraient,puisse,puisses,puisse,puissions,puissiez,puissent,pusse,pusses,pÃ»t,pussions,pussiez,pussent,,,
devoir,devant,devant,dÃ»,avoir,dois,dois,doit,devons,devez,doivent,devais,devais,devait,devions,deviez,devaient,dus,dus,dut,dÃ»mes,dÃ»tes,durent,devrai,devras,devra,devrons,devrez,devront,devrais,devrais,devrait,devrions,devriez,devraient,doive,doives,doive,devions,deviez,doivent,dusse,dusses,dÃ»t,dussions,dussiez,dussent,dois,devons,devez
vouloir,voulant,voulant,voulu,avoir,veux,veux,veut,voulons,voulez,veulent,voulais,voulais,voulait,voulions,vouliez,voulaient,voulus,voulus,voulut,voulÃ»mes,voulÃ»tes,voulurent,voudrai,voudras,voudra,voudrons,voudrez,voudront,voudrais,voudrais,voudrait,voudrions,voudriez,voudraient,veuille,veuilles,veuille,voulions,vouliez,veuillent,voulusse,voulusses,voulÃ»t,voulussions,voulussiez,voulussent,veux,voulons,voulez
savoir,sachant,sachant,su,avoir,sais,sais,sait,savons,savez,savent,savais,savais,savait,savions,saviez,savaient,sus,sus,sut,sÃ»mes,sÃ»tes,surent,saurai,sauras,saura,saurons,saurez,sauront,saurais,saurais,saurait,saurions,sauriez,sauraient,sache,saches,sache,sachions,sachiez,sachent,susse,susses,sÃ»t,sussions,sussiez,sussent,sache,sachons,sachez
dire,disant,disant,dit,avoir,dis,dis,dit,disons,dites,disent,disais,disais,disait,disions,disiez,disaient,dis,dis,dit,dÃ®mes,dÃ®tes,dirent,dirai,diras,dira,dirons,direz,diront,dirais,dirais,dirait,dirions,diriez,diraient,dise,dises,dise,disions,disiez,disent,disse,disses,dÃ®t,dissions,dissiez,dissent,dis,disons,dites
prendre,prenant,prenant,pris,avoir,prends,prends,prend,prenons,prenez,prennent,prenais,prenais,prenait,prenions,preniez,prenaient,pris,pris,prit,prÃ®mes,prÃ®tes,prirent,prendrai,prendras,prendra,prendrons,prendrez,prendront,prendrais,prendrais,prendrait,prendrions,prendriez,prendraient,prenne,prennes,prenne,prenions,preniez,prennent,prisse,prisses,prÃ®t,prissions,prissiez,prissent,prends,prenons,prenez
manger,mangeant,mangeant,mangÃ©,avoir,mange,manges,mange,mangeons,mangez,mangent,mangeais,mangeais,mangeait,mangions,mangiez,mangeaient,mangeai,mangeas,mangea,mangeÃ¢mes,mangeÃ¢tes,mangÃ¨rent,mangerai,mangeras,mangera,mangerons,mangerez,mangeront,mangerais,mangerais,mangerait,mangerions,mangeriez,mangeraient,mange,manges,mange,mangions,mangiez,mangent,mangeasse,mangeasses,mangeÃ¢t,mangeassions,mangeassiez,mangeassent,mange,mangeons,mangez
boire,buvant,buvant,bu,avoir,bois,bois,boit,buvons,buvez,boivent,buvais,buvais,buvait,buvions,buviez,buvaient,bus,bus,but,bÃ»mes,bÃ»tes,burent,boirai,boiras,boira,boirons,boirez,boiront,boirais,boirais,boirait,boirions,boiriez,boiraient,boive,boives,boive,buvions,buviez,boivent,busse,busses,bÃ»t,bussions,bussiez,bussent,bois,buvons,buvez
dormir,dormant,dormant,dormi,avoir;Ãªtre,dors,dors,dort,dormons,dormez,dorment,dormais,dormais,dormait,dormions,dormiez,dormaient,dormis,dormis,dormit,dormÃ®mes,dormÃ®tes,dormirent,dormirai,dormiras,dormira,dormirons,dormirez,dormiront,dormirais,dormirais,dormirait,dormirions,dormiriez,dormiraient,dorme,dormes,dorme,dormions,dormiez,dorment,dormisse,dormisses,dormÃ®t,dormissions,dormissiez,dormissent,dors,dormons,dormez
parler,parlant,parlant,parlÃ©,avoir,parle,parles,parle,parlons,parlez,parlent,parlais,parlais,parlait,parlions,parliez,parlaient,parlai,parlas,parla,parlÃ¢mes,parlÃ¢tes,parlÃ¨rent,parlerai,parleras,parlera,parlerons,parlerez,parleront,parlerais,parlerais,parlerait,parlerions,parleriez,parleraient,parle,parles,parle,parlions,parliez,parlent,parlasse,parlasses,parlÃ¢t,parlassions,parlassiez,parlassent,parle,parlons,parlez
venir,venant,venant,venu,Ãªtre,viens,viens,vient,venons,venez,viennent,venais,venais,venait,venions,veniez,venaient,vins,vins,vint,vÃ®nmes,vÃ®ntes,vinrent,viendrai,viendras,viendra,viendrons,viendrez,viendront,viendrais,viendrais,viendrait,viendrions,viendriez,viendraient,vienne,viennes,vienne,venions,veniez,viennent,vinsse,vinsses,vÃ®nt,vinssions,vinssiez,vinssent,viens,venons,venez
partir,partant,partant,parti,Ãªtre,pars,pars,part,partons,partez,partent,partais,partais,partait,partions,partiez,partaient,partis,partis,partit,partÃ®mes,partÃ®tes,partirent,partirai,partiras,partira,partirons,partirez,partiront,partirais,partirais,partirait,partirions,partiriez,partiraient,parte,partes,parte,partions,partiez,partent,partisse,partisses,partÃ®t,partissions,partissiez,partissent,pars,partons,partez
rester,restant,restant,restÃ©,Ãªtre,reste,restes,reste,restons,restez,restent,restais,restais,restait,restions,restiez,restaient,restai,restas,resta,restÃ¢mes,restÃ¢tes,restÃ¨rent,resterai,resteras,restera,resterons,resterez,resteront,resterais,resterais,resterait,resterions,resteriez,resteraient,reste,restes,reste,restions,restiez,restent,restasse,restasses,restÃ¢t,restassions,restassiez,restassent,reste,restons,restez
passer,passant,passant,passÃ©,avoir;Ãªtre,passe,passes,passe,passons,passez,passent,passais,passais,passait,passions,passiez,passaient,passai,passas,passa,passÃ¢mes,passÃ¢tes,passÃ¨rent,passerai,passeras,passera,passerons,passerez,passeront,passerais,passerais,passerait,passerions,passeriez,passeraient,passe,passes,passe,passions,passiez,passent,passasse,passasses,passÃ¢t,passassions,passassiez,passassent,passe,passons,passez
regarder,regardant,regardant,regardÃ©,avoir,regarde,regardes,regarde,regardons,regardez,regardent,regardais,regardais,regardait,regardions,regardiez,regardaient,regardai,regardas,regarda,regardÃ¢mes,regardÃ¢tes,regardÃ¨rent,regarderai,regarderas,regardera,regarderons,regarderez,regarderont,regarderais,regarderais,regarderait,regarderions,regarderiez,regarderaient,regarde,regardes,regarde,regardions,regardiez,regardent,regardasse,regardasses,regardÃ¢t,regardassions,regardassiez,regardassent,regarde,regardons,regardez
acheter,achetant,achetant,achetÃ©,avoir,achÃ¨te,achÃ¨tes,achÃ¨te,achetons,achetez,achÃ¨tent,achetais,achetais,achetait,achetions,achetiez,achetaient,achetai,achetas,acheta,achetÃ¢mes,achetÃ¢tes,achetÃ¨rent,achÃ¨terai,achÃ¨teras,achÃ¨tera,achÃ¨terons,achÃ¨terez,achÃ¨teront,achÃ¨terais,achÃ¨terais,achÃ¨terait,achÃ¨terions,achÃ¨teriez,achÃ¨teraient,achÃ¨te,achÃ¨tes,achÃ¨te,achetions,achetiez,achÃ¨tent,achetasse,achetasses,achetÃ¢t,achetassions,achetassiez,achetassent,achÃ¨te,achetons,achetez
apprendre,apprenant,apprenant,appris,avoir,apprends,apprends,apprend,apprenons,apprenez,apprennent,apprenais,apprenais,apprenait,apprenions,appreniez,apprenaient,appris,appris,apprit,apprÃ®mes,apprÃ®tes,apprirent,apprendrai,apprendras,apprendra,apprendrons,apprendrez,apprendront,apprendrais,apprendrais,apprendrait,apprendrions,apprendriez,apprendraient,apprenne,apprennes,apprenne,apprenions,appreniez,apprennent,apprisse,apprisses,apprÃ®t,apprissions,apprissiez,apprissent,apprends,apprenons,apprenez
connaÃ®tre,connaissant,connaissant,connu,avoir,connais,connais,connaÃ®t,connaissons,connaissez,connaissent,connaissais,connaissais,connaissait,connaissions,connaissiez,connaissaient,connus,connus,connut,connÃ»mes,connÃ»tes,connurent,connaÃ®trai,connaÃ®tras,connaÃ®tra,connaÃ®trons,connaÃ®trez,connaÃ®tront,connaÃ®trais,connaÃ®trais,connaÃ®trait,connaÃ®trions,connaÃ®triez,connaÃ®traient,connaisse,connaisses,connaisse,connaissions,connaissiez,connaissent,connusse,connusses,connÃ»t,connussions,connussiez,connussent,connais,connaissons,connaissez
ouvrir,ouvrant,ouvrant,ouvert,avoir,ouvre,ouvres,ouvre,ouvrons,ouvrez,ouvrent,ouvrais,ouvrais,ouvrait,ouvrions,ouvriez,ouvraient,ouvris,ouvris,ouvrit,ouvrÃ®mes,ouvrÃ®tes,ouvrirent,ouvrirai,ouvriras,ouvrira,ouvrirons,ouvrirez,ouvriront,ouvrirais,ouvrirais,ouvrirait,ouvririons,ouvririez,ouvriraient,ouvre,ouvres,ouvre,ouvrions,ouvriez,ouvrent,ouvrisse,ouvrisses,ouvrÃ®t,ouvrissions,ouvrissiez,ouvrissent,ouvre,ouvrons,ouvrez
fermer,fermant,fermant,fermÃ©,avoir,ferme,fermes,ferme,fermons,fermez,ferment,fermais,fermais,fermait,fermions,fermiez,fermaient,fermai,fermas,ferma,fermÃ¢mes,fermÃ¢tes,fermÃ¨rent,fermerai,fermeras,fermera,fermerons,fermerez,fermeront,fermerais,fermerais,fermerait,fermerions,fermeriez,fermeraient,ferme,fermes,ferme,fermions,fermiez,ferment,fermasse,fermasses,fermÃ¢t,fermassions,fermassiez,fermassent,ferme,fermons,fermez
lire,lisant,lisant,lu,avoir,lis,lis,lit,lisons,lisez,lisent,lisais,lisais,lisait,lisions,lisiez,lisaient,lus,lus,lut,lÃ»mes,lÃ»tes,lurent,lirai,liras,lira,lirons,lirez,liront,lirais,lirais,lirait,lirions,liriez,liraient,lise,lises,lise,lisions,lisiez,lisent,lusse,lusses,lÃ»t,lussions,lussiez,lussent,lis,lisons,lisez
aimer,aimant,aimant,aimÃ©,avoir,aime,aimes,aime,aimons,aimez,aiment,aimais,aimais,aimait,aimions,aimiez,aimaient,aimai,aimas,aima,aimÃ¢mes,aimÃ¢tes,aimÃ¨rent,aimerai,aimeras,aimera,aimerons,aimerez,aimeront,aimerais,aimerais,aimerait,aimerions,aimeriez,aimeraient,aime,aimes,aime,aimions,aimiez,aiment,aimasse,aimasses,aimÃ¢t,aimassions,aimassiez,aimassent,aime,aimons,aimez
appeler,appelant,appelant,appelÃ©,avoir,appelle,appelles,appelle,appelons,appelez,appellent,appelais,appelais,appelait,appelions,appeliez,appelaient,appelai,appelas,appela,appelÃ¢mes,appelÃ¢tes,appelÃ¨rent,appellerai,appelleras,appellera,appellerons,appellerez,appelleront,appellerais,appellerais,appellerait,appellerions,appelleriez,appelleraient,appelle,appelles,appelle,appelions,appeliez,appellent,appelasse,appelasses,appelÃ¢t,appelassions,appelassiez,appelassent,appelle,appelons,appelez
arriver,arrivant,arrivant,arrivÃ©,Ãªtre,arrive,arrives,arrive,arrivons,arrivez,arrivent,arrivais,arrivais,arrivait,arrivions,arriviez,arrivaient,arrivai,arrivas,arriva,arrivÃ¢mes,arrivÃ¢tes,arrivÃ¨rent,arriverai,arriveras,arrivera,arriverons,arriverez,arriveront,arriverais,arriverais,arriverait,arriverions,arriveriez,arriveraient,arrive,arrives,arrive,arrivions,arriviez,arrivent,arrivasse,arrivasses,arrivÃ¢t,arrivassions,arrivassiez,arrivassent,arrive,arrivons,arrivez
asseoir,asseyant,asseyant,assis,Ãªtre,assieds,assieds,assied,asseyons,asseyez,asseyent,asseyais,asseyais,asseyait,asseyions,asseyiez,asseyaient,assis,assis,assit,assÃ®mes,assÃ®tes,assirent,assiÃ©rai,assiÃ©ras,assiÃ©ra,assiÃ©rons,assiÃ©rez,assiÃ©ront,assiÃ©rais,assiÃ©rais,assiÃ©rait,assiÃ©rions,assiÃ©riez,assiÃ©raient,asseye,asseyes,asseye,asseyions,asseyiez,asseyent,assisse,assisses,assÃ®t,assissions,assissiez,assissent,assieds,asseyons,asseyez
attendre,attendant,attendant,attendu,avoir,attends,attends,attend,attendons,attendez,attendent,attendais,attendais,attendait,attendions,attendiez,attendaient,attendis,attendis,attendit,attendÃ®mes,attendÃ®tes,attendirent,attendrai,attendras,attendra,attendrons,attendrez,attendront,attendrais,attendrais,attendrait,attendrions,attendriez,attendraient,attende,attendes,attende,attendions,attendiez,attendent,attendisse,attendisses,attendÃ®t,attendissions,attendissiez,attendissent,attends,attendons,attendez
chanter,chantant,chantant,chantÃ©,avoir,chante,chantes,chante,chantons,chantez,chantent,chantais,chantais,chantait,chantions,chantiez,chantaient,chantai,chantas,chanta,chantÃ¢mes,chantÃ¢tes,chantÃ¨rent,chanterai,chanteras,chantera,chanterons,chanterez,chanteront,chanterais,chanterais,chanterait,chanterions,chanteriez,chanteraient,chante,chantes,chante,chantions,chantiez,chantent,chantasse,chantasses,chantÃ¢t,chantassions,chantassiez,chantassent,chante,chantons,chantez
chercher,cherchant,cherchant,cherchÃ©,avoir,cherche,cherches,cherche,cherchons,cherchez,cherchent,cherchais,cherchais,cherchait,cherchions,cherchiez,cherchaient,cherchai,cherchas,chercha,cherchÃ¢mes,cherchÃ¢tes,cherchÃ¨rent,chercherai,chercheras,cherchera,chercherons,chercherez,chercheront,chercherais,chercherais,chercherait,chercherions,chercheriez,chercheraient,cherche,cherches,cherche,cherchions,cherchiez,cherchent,cherchasse,cherchasses,cherchÃ¢t,cherchassions,cherchassiez,cherchassent,cherche,cherchons,cherchez
choisir,choisissant,choisissant,choisi,avoir,choisis,choisis,choisit,choisissons,choisissez,choisissent,choisissais,choisissais,choisissait,choisissions,choisissiez,choisissaient,choisis,choisis,choisit,choisÃ®mes,choisÃ®tes,choisirent,choisirai,choisiras,choisira,choisirons,choisirez,choisiront,choisirais,choisirais,choisirait,choisirions,choisiriez,choisiraient,choisisse,choisisses,choisisse,choisissions,choisissiez,choisissent,choisisse,choisisses,choisÃ®t,choisissions,choisissiez,choisissent,choisis,choisissons,choisissez
comprendre,comprenant,comprenant,compris,avoir,comprends,comprends,comprend,comprenons,comprenez,comprennent,comprenais,comprenais,comprenait,comprenions,compreniez,comprenaient,compris,compris,comprit,comprÃ®mes,comprÃ®tes,comprirent,comprendrai,comprendras,comprendra,comprendrons,comprendrez,comprendront,comprendrais,comprendrais,comprendrait,comprendrions,comprendriez,comprendraient,comprenne,comprennes,comprenne,comprenions,compreniez,comprennent,comprisse,comprisses,comprÃ®t,comprissions,comprissiez,comprissent,comprends,comprenons,comprenez
courir,courant,courant,couru,avoir,cours,cours,court,courons,courez,courent,courais,courais,courait,courions,couriez,couraient,courus,courus,courut,courÃ»mes,courÃ»tes,coururent,courrai,courras,courra,courrons,courrez,courront,courrais,courrais,courrait,courrions,courriez,courraient,coure,coures,coure,courions,couriez,courent,courusse,courusses,courÃ»t,courussions,courussiez,courussent,cours,courons,courez
croire,croyant,croyant,cru,avoir,crois,crois,croit,croyons,croyez,croient,croyais,croyais,croyait,croyions,croyiez,croyaient,crus,crus,crut,crÃ»mes,crÃ»tes,crurent,croirai,croiras,croira,croirons,croirez,croiront,croirais,croirais,croirait,croirions,croiriez,croiraient,croie,croies,croie,croyions,croyiez,croient,crusse,crusses,crÃ»t,crussions,crussiez,crussent,crois,croyons,croyez
danser,dansant,dansant,dansÃ©,avoir,danse,danses,danse,dansons,dansez,dansent,dansais,dansais,dansait,dansions,dansiez,dansaient,dansai,dansas,dansa,dansÃ¢mes,dansÃ¢tes,dansÃ¨rent,danserai,danseras,dansera,danserons,danserez,danseront,danserais,danserais,danserait,danserions,danseriez,danseraient,danse,danses,danse,dansions,dansiez,dansent,dansasse,dansasses,dansÃ¢t,dansassions,dansassiez,dansassent,danse,dansons,dansez
devenir,devenant,devenant,devenu,Ãªtre,deviens,deviens,devient,devenons,devenez,deviennent,devenais,devenais,devenait,devenions,deveniez,devenaient,devins,devins,devint,devÃ®nmes,devÃ®ntes,devinrent,deviendrai,deviendras,deviendra,deviendrons,deviendrez,deviendront,deviendrais,deviendrais,deviendrait,deviendrions,deviendriez,deviendraient,devienne,deviennes,devienne,devenions,deveniez,deviennent,devinsse,devinsses,devÃ®nt,devinssions,devinssiez,devinssent,deviens,devenons,devenez
Ã©crire,Ã©crivant,Ã©crivant,Ã©crit,avoir,Ã©cris,Ã©cris,Ã©crit,Ã©crivons,Ã©crivez,Ã©crivent,Ã©crivais,Ã©crivais,Ã©crivait,Ã©crivions,Ã©criviez,Ã©crivaient,Ã©crivis,Ã©crivis,Ã©crivit,Ã©crivÃ®mes,Ã©crivÃ®tes,Ã©crivirent,Ã©crirai,Ã©criras,Ã©crira,Ã©crirons,Ã©crirez,Ã©criront,Ã©crirais,Ã©crirais,Ã©crirait,Ã©cririons,Ã©cririez,Ã©criraient,Ã©crive,Ã©crives,Ã©crive,Ã©crivions,Ã©criviez,Ã©crivent,Ã©crivisse,Ã©crivisses,Ã©crivÃ®t,Ã©crivissions,Ã©crivissiez,Ã©crivissent,Ã©cris,Ã©crivons,Ã©crivez
finir,finissant,finissant,fini,avoir,finis,finis,finit,finissons,finissez,finissent,finissais,finissais,finissait,finissions,finissiez,finissaient,finis,finis,finit,finÃ®mes,finÃ®tes,finirent,finirai,finiras,finira,finirons,finirez,finiront,finirais,finirais,finirait,finirions,finiriez,finiraient,finisse,finisses,finisse,finissions,finissiez,finissent,finisse,finisses,finÃ®t,finissions,finissiez,finissent,finis,finissons,finissez
grandir,grandissant,grandissant,grandi,avoir,grandis,grandis,grandit,grandissons,grandissez,grandissent,grandissais,grandissais,grandissait,grandissions,grandissiez,grandissaient,grandis,grandis,grandit,grandÃ®mes,grandÃ®tes,grandirent,grandirai,grandiras,grandira,grandirons,grandirez,grandiront,grandirais,grandirais,grandirait,grandirions,grandiriez,grandiraient,grandisse,grandisses,grandisse,grandissions,grandissiez,grandissent,grandisse,grandisses,grandÃ®t,grandissions,grandissiez,grandissent,grandis,grandissons,grandissez
habiter,habitant,habitant,habitÃ©,avoir,habite,habites,habite,habitons,habitez,habitent,habitais,habitais,habitait,habitions,habitiez,habitaient,habitai,habitas,habita,habitÃ¢mes,habitÃ¢tes,habitÃ¨rent,habiterai,habiteras,habitera,habiterons,habiterez,habiteront,habiterais,habiterais,habiterait,habiterions,habiteriez,habiteraient,habite,habites,habite,habitions,habitiez,habitent,habitasse,habitasses,habitÃ¢t,habitassions,habitassiez,habitassent,habite,habitons,habitez
inviter,invitant,invitant,invitÃ©,avoir,invite,invites,invite,invitons,invitez,invitent,invitais,invitais,invitait,invitions,invitiez,invitaient,invitai,invitas,invita,invitÃ¢mes,invitÃ¢tes,invitÃ¨rent,inviterai,inviteras,invitera,inviterons,inviterez,inviteront,inviterais,inviterais,inviterait,inviterions,inviteriez,inviteraient,invite,invites,invite,invitions,invitiez,invitent,invitasse,invitasses,invitÃ¢t,invitassions,invitassiez,invitassent,invite,invitons,invitez
jeter,jetant,jetant,jetÃ©,avoir,jette,jettes,jette,jetons,jetez,jettent,jetais,jetais,jetait,jetions,jetiez,jetaient,jetai,jetas,jeta,jetÃ¢mes,jetÃ¢tes,jetÃ¨rent,jetterai,jetteras,jettera,jetterons,jetterez,jetteront,jetterais,jetterais,jetterait,jetterions,jetteriez,jetteraient,jette,jettes,jette,jetions,jetiez,jettent,jetasse,jetasses,jetÃ¢t,jetassions,jetassiez,jetassent,jette,jetons,jetez
jouer,jouant,jouant,jouÃ©,avoir,joue,joues,joue,jouons,jouez,jouent,jouais,jouais,jouait,jouions,jouiez,jouaient,jouai,jouas,joua,jouÃ¢mes,jouÃ¢tes,jouÃ¨rent,jouerai,joueras,jouera,jouerons,jouerez,joueront,jouerais,jouerais,jouerait,jouerions,joueriez,joueraient,joue,joues,joue,jouions,jouiez,jouent,jouasse,jouasses,jouÃ¢t,jouassions,jouassiez,jouassent,joue,jouons,jouez
laisser,laissant,laissant,laissÃ©,avoir,laisse,laisses,laisse,laissons,laissez,laissent,laissais,laissais,laissait,laissions,laissiez,laissaient,laissai,laissas,laissa,laissÃ¢mes,laissÃ¢tes,laissÃ¨rent,laisserai,laisseras,laissera,laisserons,laisserez,laisseront,laisserais,laisserais,laisserait,laisserions,laisseriez,laisseraient,laisse,laisses,laisse,laissions,laissiez,laissent,laissasse,laissasses,laissÃ¢t,laissassions,laissassiez,laissassent,laisse,laissons,laissez
laver,lavant,lavant,lavÃ©,avoir,lave,laves,lave,lavons,lavez,lavent,lavais,lavais,lavait,lavions,laviez,lavaient,lavai,lavas,lava,lavÃ¢mes,lavÃ¢tes,lavÃ¨rent,laverai,laveras,lavera,laverons,laverez,laveront,laverais,laverais,laverait,laverions,laveriez,laveraient,lave,laves,lave,lavions,laviez,lavent,lavasse,lavasses,lavÃ¢t,lavassions,lavassiez,lavassent,lave,lavons,lavez
marcher,marchant,marchant,marchÃ©,avoir,marche,marches,marche,marchons,marchez,marchent,marchais,marchais,marchait,marchions,marchiez,marchaient,marchai,marchas,marcha,marchÃ¢mes,marchÃ¢tes,marchÃ¨rent,marcherai,marcheras,marchera,marcherons,marcherez,marcheront,marcherais,marcherais,marcherait,marcherions,marcheriez,marcheraient,marche,marches,marche,marchions,marchiez,marchent,marchasse,marchasses,marchÃ¢t,marchassions,marchassiez,marchassent,marche,marchons,marchez
mettre,mettant,mettant,mis,avoir,mets,mets,met,mettons,mettez,mettent,mettais,mettais,mettait,mettions,mettiez,mettaient,mis,mis,mit,mÃ®mes,mÃ®tes,mirent,mettrai,mettras,mettra,mettrons,mettrez,mettront,mettrais,mettrais,mettrait,mettrions,mettriez,mettraient,mette,mettes,mette,mettions,mettiez,mettent,misse,misses,mÃ®t,missions,missiez,missent,mets,mettons,mettez
montrer,montrant,montrant,montrÃ©,avoir,montre,montres,montre,montrons,montrez,montrent,montrais,montrais,montrait,montrions,montriez,montraient,montrai,montras,montra,montrÃ¢mes,montrÃ¢tes,montrÃ¨rent,montrerai,montreras,montrera,montrerons,montrerez,montreront,montrerais,montrerais,montrerait,montrerions,montreriez,montreraient,montre,montres,montre,montrions,montriez,montrent,montrasse,montrasses,montrÃ¢t,montrassions,montrassiez,montrassent,montre,montrons,montrez
nager,nageant,nageant,nagÃ©,avoir,nage,nages,nage,nageons,nagez,nagent,nageais,nageais,nageait,nagions,nagiez,nageaient,nageai,nageas,nagea,nageÃ¢mes,nageÃ¢tes,nagÃ¨rent,nagerai,nageras,nagera,nagerons,nagerez,nageront,nagerais,nagerais,nagerait,nagerions,nageriez,nageraient,nage,nages,nage,nagions,nagiez,nagent,nageasse,nageasses,nageÃ¢t,nageassions,nageassiez,nageassent,nage,nageons,nagez
voyager,voyageant,voyageant,voyagÃ©,avoir,voyage,voyages,voyage,voyageons,voyagez,voyagent,voyageais,voyageais,voyageait,voyagions,voyagiez,voyageaient,voyageai,voyageas,voyagea,voyageÃ¢mes,voyageÃ¢tes,voyagÃ¨rent,voyagerai,voyageras,voyagera,voyagerons,voyagerez,voyageront,voyagerais,voyagerais,voyagerait,voyagerions,voyageriez,voyageraient,voyage,voyages,voyage,voyagions,voyagiez,voyagent,voyageasse,voyageasses,voyageÃ¢t,voyageassions,voyageassiez,voyageassent,voyage,voyageons,voyagez
vivre,vivant,vivant,vÃ©cu,avoir,vis,vis,vit,vivons,vivez,vivent,vivais,vivais,vivait,vivions,viviez,vivaient,vÃ©cus,vÃ©cus,vÃ©cut,vÃ©cÃ»mes,vÃ©cÃ»tes,vÃ©curent,vivrai,vivras,vivra,vivrons,vivrez,vivront,vivrais,vivrais,vivrait,vivrions,vivriez,vivraient,vive,vives,vive,vivions,viviez,vivent,vÃ©cusse,vÃ©cusses,vÃ©cÃ»t,vÃ©cussions,vÃ©cussiez,vÃ©cussent,vis,vivons,vivez
travailler,travaillant,travaillant,travaillÃ©,avoir,travaille,travailles,travaille,travaillons,travaillez,travaillent,travaillais,travaillais,travaillait,travaillions,travailliez,travaillaient,travaillai,travaillas,travailla,travaillÃ¢mes,travaillÃ¢tes,travaillÃ¨rent,travaillerai,travailleras,travaillera,travaillerons,travaillerez,travailleront,travaillerais,travaillerais,travaillerait,travaillerions,travailleriez,travailleraient,travaille,travailles,travaille,travaillions,travailliez,travaillent,travaillasse,travaillasses,travaillÃ¢t,travaillassions,travaillassiez,travaillassent,travaille,travaillons,travaillez
tomber,tombant,tombant,tombÃ©,Ãªtre,tombe,tombes,tombe,tombons,tombez,tombent,tombais,tombais,tombait,tombions,tombiez,tombaient,tombai,tombas,tomba,tombÃ¢mes,tombÃ¢tes,tombÃ¨rent,tomberai,tomberas,tombera,tomberons,tomberez,tomberont,tomberais,tomberais,tomberait,tomberions,tomberiez,tomberaient,tombe,tombes,tombe,tombions,tombiez,tombent,tombasse,tombasses,tombÃ¢t,tombassions,tombassiez,tombassent,tombe,tombons,tombez
terminer,terminant,terminant,terminÃ©,avoir,termine,termines,termine,terminons,terminez,terminent,terminais,terminais,terminait,terminions,terminiez,terminaient,terminai,terminas,termina,terminÃ¢mes,terminÃ¢tes,terminÃ¨rent,terminerai,termineras,terminera,terminerons,terminerez,termineront,terminerais,terminerais,terminerait,terminerions,termineriez,termineraient,termine,termines,termine,terminions,terminiez,terminent,terminasse,terminasses,terminÃ¢t,terminassions,terminassiez,terminassent,termine,terminons,terminez
taper,tapant,tapant,tapÃ©,avoir,tape,tapes,tape,tapons,tapez,tapent,tapais,tapais,tapait,tapions,tapiez,tapaient,tapai,tapas,tapa,tapÃ¢mes,tapÃ¢tes,tapÃ¨rent,taperai,taperas,tapera,taperons,taperez,taperont,taperais,taperais,taperait,taperions,taperiez,taperaient,tape,tapes,tape,tapions,tapiez,tapent,tapasse,tapasses,tapÃ¢t,tapassions,tapassiez,tapassent,tape,tapons,tapez
surprendre,surprenant,surprenant,surpris,avoir,surprends,surprends,surprend,surprenons,surprenez,surprennent,surprenais,surprenais,surprenait,surprenions,surpreniez,surprenaient,surpris,surpris,surprit,surprÃ®mes,surprÃ®tes,surprirent,surprendrai,surprendras,surprendra,surprendrons,surprendrez,surprendront,surprendrais,surprendrais,surprendrait,surprendrions,surprendriez,surprendraient,surprenne,surprennes,surprenne,surprenions,surpreniez,surprennent,surprisse,surprisses,surprÃ®t,surprissions,surprissiez,surprissent,surprends,surprenons,surprenez
soutenir,soutenant,soutenant,soutenu,avoir,soutiens,soutiens,soutient,soutenons,soutenez,soutiennent,soutenais,soutenais,soutenait,soutenions,souteniez,soutenaient,soutins,soutins,soutint,soutÃ®nmes,soutÃ®ntes,soutinrent,soutiendrai,soutiendras,soutiendra,soutiendrons,soutiendrez,soutiendront,soutiendrais,soutiendrais,soutiendrait,soutiendrions,soutiendriez,soutiendraient,soutienne,soutiennes,soutienne,soutenions,souteniez,soutiennent,soutinsse,soutinsses,soutÃ®nt,soutinssions,soutinssiez,soutinssent,soutiens,soutenons,soutenez
sourire,souriant,souriant,souri,avoir,souris,souris,sourit,sourions,souriez,sourient,souriais,souriais,souriait,souriions,souriiez,souriaient,souris,souris,sourit,sourÃ®mes,sourÃ®tes,sourirent,sourirai,souriras,sourira,sourirons,sourirez,souriront,sourirais,sourirais,sourirait,souririons,souririez,souriraient,sourie,souries,sourie,souriions,souriiez,sourient,sourisse,sourisses,sourÃ®t,sourissions,sourissiez,sourissent,souris,sourions,souriez
souffrir,souffrant,souffrant,souffert,avoir,souffre,souffres,souffre,souffrons,souffrez,souffrent,souffrais,souffrais,souffrait,souffrions,souffriez,souffraient,souffris,souffris,souffrit,souffrÃ®mes,souffrÃ®tes,souffrirent,souffrirai,souffriras,souffrira,souffrirons,souffrirez,souffriront,souffrirais,souffrirais,souffrirait,souffririons,souffririez,souffriraient,souffre,souffres,souffre,souffrions,souffriez,souffrent,souffrisse,souffrisses,souffrÃ®t,souffrissions,souffrissiez,souffrissent,souffre,souffrons,souffrez
sortir,sortant,sortant,sorti,avoir;Ãªtre,sors,sors,sort,sortons,sortez,sortent,sortais,sortais,sortait,sortions,sortiez,sortaient,sortis,sortis,sortit,sortÃ®mes,sortÃ®tes,sortirent,sortirai,sortiras,sortira,sortirons,sortirez,sortiront,sortirais,sortirais,sortirait,sortirions,sortiriez,sortiraient,sorte,sortes,sorte,sortions,sortiez,sortent,sortisse,sortisses,sortÃ®t,sortissions,sortissiez,sortissent,sors,sortons,sortez
servir,servant,servant,servi,avoir,sers,sers,sert,servons,servez,servent,servais,servais,servait,servions,serviez,servaient,servis,servis,servit,servÃ®mes,servÃ®tes,servirent,servirai,serviras,servira,servirons,servirez,serviront,servirais,servirais,servirait,servirions,serviriez,serviraient,serve,serves,serve,servions,serviez,servent,servisse,servisses,servÃ®t,servissions,servissiez,servissent,sers,servons,servez
sentir,sentant,sentant,senti,avoir;Ãªtre,sens,sens,sent,sentons,sentez,sentent,sentais,sentais,sentait,sentions,sentiez,sentaient,sentis,sentis,sentit,sentÃ®mes,sentÃ®tes,sentirent,sentirai,sentiras,sentira,sentirons,sentirez,sentiront,sentirais,sentirais,sentirait,sentirions,sentiriez,sentiraient,sente,sentes,sente,sentions,sentiez,sentent,sentisse,sentisses,sentÃ®t,sentissions,sentissiez,sentissent,sens,sentons,sentez
coucher,couchant,couchant,couchÃ©,avoir,couche,couches,couche,couchons,couchez,couchent,couchais,couchais,couchait,couchions,couchiez,couchaient,couchai,couchas,coucha,couchÃ¢mes,couchÃ¢tes,couchÃ¨rent,coucherai,coucheras,couchera,coucherons,coucherez,coucheront,coucherais,coucherais,coucherait,coucherions,coucheriez,coucheraient,couche,couches,couche,couchions,couchiez,couchent,couchasse,couchasses,couchÃ¢t,couchassions,couchassiez,couchassent,couche,couchons,couchez
lever,levant,levant,levÃ©,avoir;Ãªtre,lÃ¨ve,lÃ¨ves,lÃ¨ve,levons,levez,lÃ¨vent,levais,levais,levait,levions,leviez,levaient,levai,levas,leva,levÃ¢mes,levÃ¢tes,levÃ¨rent,lÃ¨verai,lÃ¨veras,lÃ¨vera,lÃ¨verons,lÃ¨verez,lÃ¨veront,lÃ¨verais,lÃ¨verais,lÃ¨verait,lÃ¨verions,lÃ¨veriez,lÃ¨veraient,lÃ¨ve,lÃ¨ves,lÃ¨ve,levions,leviez,lÃ¨vent,levasse,levasses,levÃ¢t,levassions,levassiez,levassent,lÃ¨ve,levons,levez
sauter,sautant,sautant,sautÃ©,avoir,saute,sautes,saute,sautons,sautez,sautent,sautais,sautais,sautait,sautions,sautiez,sautaient,sautai,sautas,sauta,sautÃ¢mes,sautÃ¢tes,sautÃ¨rent,sauterai,sauteras,sautera,sauterons,sauterez,sauteront,sauterais,sauterais,sauterait,sauterions,sauteriez,sauteraient,saute,sautes,saute,sautions,sautiez,sautent,sautasse,sautasses,sautÃ¢t,sautassions,sautassiez,sautassent,saute,sautons,sautez
rire,riant,riant,ri,avoir,ris,ris,rit,rions,riez,rient,riais,riais,riait,riions,riiez,riaient,ris,ris,rit,rÃ®mes,rÃ®tes,rirent,rirai,riras,rira,rirons,rirez,riront,rirais,rirais,rirait,ririons,ririez,riraient,rie,ries,rie,riions,riiez,rient,risse,risses,rÃ®t,rissions,rissiez,rissent,ris,rions,riez
reprendre,reprenant,reprenant,repris,avoir,reprends,reprends,reprend,reprenons,reprenez,reprennent,reprenais,reprenais,reprenait,reprenions,repreniez,reprenaient,repris,repris,reprit,reprÃ®mes,reprÃ®tes,reprirent,reprendrai,reprendras,reprendra,reprendrons,reprendrez,reprendront,reprendrais,reprendrais,reprendrait,reprendrions,reprendriez,reprendraient,reprenne,reprennes,reprenne,reprenions,repreniez,reprennent,reprisse,reprisses,reprÃ®t,reprissions,reprissiez,reprissent,reprends,reprenons,reprenez
rentrer,rentrant,rentrant,rentrÃ©,Ãªtre,rentre,rentres,rentre,rentrons,rentrez,rentrent,rentrais,rentrais,rentrait,rentrions,rentriez,rentraient,rentrai,rentras,rentra,rentrÃ¢mes,rentrÃ¢tes,rentrÃ¨rent,rentrerai,rentreras,rentrera,rentrerons,rentrerez,rentreront,rentrerais,rentrerais,rentrerait,rentrerions,rentreriez,rentreraient,rentre,rentres,rentre,rentrions,rentriez,rentrent,rentrasse,rentrasses,rentrÃ¢t,rentrassions,rentrassiez,rentrassent,rentre,rentrons,rentrez
rencontrer,rencontrant,rencontrant,rencontrÃ©,avoir,rencontre,rencontres,rencontre,rencontrons,rencontrez,rencontrent,rencontrais,rencontrais,rencontrait,rencontrions,rencontriez,rencontraient,rencontrai,rencontras,rencontra,rencontrÃ¢mes,rencontrÃ¢tes,rencontrÃ¨rent,rencontrerai,rencontreras,rencontrera,rencontrerons,rencontrerez,rencontreront,rencontrerais,rencontrerais,rencontrerait,rencontrerions,rencontreriez,rencontreraient,rencontre,rencontres,rencontre,rencontrions,rencontriez,rencontrent,rencontrasse,rencontrasses,rencontrÃ¢t,rencontrassions,rencontrassiez,rencontrassent,rencontre,rencontrons,rencontrez
refuser,refusant,refusant,refusÃ©,avoir,refuse,refuses,refuse,refusons,refusez,refusent,refusais,refusais,refusait,refusions,refusiez,refusaient,refusai,refusas,refusa,refusÃ¢mes,refusÃ¢tes,refusÃ¨rent,refuserai,refuseras,refusera,refuserons,refuserez,refuseront,refuserais,refuserais,refuserait,refuserions,refuseriez,refuseraient,refuse,refuses,refuse,refusions,refusiez,refusent,refusasse,refusasses,refusÃ¢t,refusassions,refusassiez,refusassent,refuse,refusons,refusez
recevoir,recevant,recevant,reÃ§u,avoir,reÃ§ois,reÃ§ois,reÃ§oit,recevons,recevez,reÃ§oivent,recevais,recevais,recevait,recevions,receviez,recevaient,reÃ§us,reÃ§us,reÃ§ut,reÃ§Ã»mes,reÃ§Ã»tes,reÃ§urent,recevrai,recevras,recevra,recevrons,recevrez,recevront,recevrais,recevrais,recevrait,recevrions,recevriez,recevraient,reÃ§oive,reÃ§oives,reÃ§oive,recevions,receviez,reÃ§oivent,reÃ§usse,reÃ§usses,reÃ§Ã»t,reÃ§ussions,reÃ§ussiez,reÃ§ussent,reÃ§ois,recevons,recevez
rappeler,rappelant,rappelant,rappelÃ©,avoir,rappelle,rappelles,rappelle,rappelons,rappelez,rappellent,rappelais,rappelais,rappelait,rappelions,rappeliez,rappelaient,rappelai,rappelas,rappela,rappelÃ¢mes,rappelÃ¢tes,rappelÃ¨rent,rappellerai,rappelleras,rappellera,rappellerons,rappellerez,rappelleront,rappellerais,rappellerais,rappellerait,rappellerions,rappelleriez,rappelleraient,rappelle,rappelles,rappelle,rappelions,rappeliez,rappellent,rappelasse,rappelasses,rappelÃ¢t,rappelassions,rappelassiez,rappelassent,rappelle,rappelons,rappelez
pousser,poussant,poussant,poussÃ©,avoir,pousse,pousses,pousse,poussons,poussez,poussent,poussais,poussais,poussait,poussions,poussiez,poussaient,poussai,poussas,poussa,poussÃ¢mes,poussÃ¢tes,poussÃ¨rent,pousserai,pousseras,poussera,pousserons,pousserez,pousseront,pousserais,pousserais,pousserait,pousserions,pousseriez,pousseraient,pousse,pousses,pousse,poussions,poussiez,poussent,poussasse,poussasses,poussÃ¢t,poussassions,poussassiez,poussassent,pousse,poussons,poussez
porter,portant,portant,portÃ©,avoir,porte,portes,porte,portons,portez,portent,portais,portais,portait,portions,portiez,portaient,portai,portas,porta,portÃ¢mes,portÃ¢tes,portÃ¨rent,porterai,porteras,portera,porterons,porterez,porteront,porterais,porterais,porterait,porterions,porteriez,porteraient,porte,portes,porte,portions,portiez,portent,portasse,portasses,portÃ¢t,portassions,portassiez,portassent,porte,portons,portez
plonger,plongeant,plongeant,plongÃ©,avoir,plonge,plonges,plonge,plongeons,plongez,plongent,plongeais,plongeais,plongeait,plongions,plongiez,plongeaient,plongeai,plongeas,plongea,plongeÃ¢mes,plongeÃ¢tes,plongÃ¨rent,plongerai,plongeras,plongera,plongerons,plongerez,plongeront,plongerais,plongerais,plongerait,plongerions,plongeriez,plongeraient,plonge,plonges,plonge,plongions,plongiez,plongent,plongeasse,plongeasses,plongeÃ¢t,plongeassions,plongeassiez,plongeassent,plonge,plongeons,plongez
pleurer,pleurant,pleurant,pleurÃ©,avoir,pleure,pleures,pleure,pleurons,pleurez,pleurent,pleurais,pleurais,pleurait,pleurions,pleuriez,pleuraient,pleurai,pleuras,pleura,pleurÃ¢mes,pleurÃ¢tes,pleurÃ¨rent,pleurerai,pleureras,pleurera,pleurerons,pleurerez,pleureront,pleurerais,pleurerais,pleurerait,pleurerions,pleureriez,pleureraient,pleure,pleures,pleure,pleurions,pleuriez,pleurent,pleurasse,pleurasses,pleurÃ¢t,pleurassions,pleurassiez,pleurassent,pleure,pleurons,pleurez
perdre,perdant,perdant,perdu,avoir,perds,perds,perd,perdons,perdez,perdent,perdais,perdais,perdait,perdions,perdiez,perdaient,perdis,perdis,perdit,perdÃ®mes,perdÃ®tes,perdirent,perdrai,perdras,perdra,perdrons,perdrez,perdront,perdrais,perdrais,perdrait,perdrions,perdriez,perdraient,perde,perdes,perde,perdions,perdiez,perdent,perdisse,perdisses,perdÃ®t,perdissions,perdissiez,perdissent,perds,perdons,perdez
penser,pensant,pensant,pensÃ©,avoir,pense,penses,pense,pensons,pensez,pensent,pensais,pensais,pensait,pensions,pensiez,pensaient,pensai,pensas,pensa,pensÃ¢mes,pensÃ¢tes,pensÃ¨rent,penserai,penseras,pensera,penserons,penserez,penseront,penserais,penserais,penserait,penserions,penseriez,penseraient,pense,penses,pense,pensions,pensiez,pensent,pensasse,pensasses,pensÃ¢t,pensassions,pensassiez,pensassent,pense,pensons,pensez
partager,partageant,partageant,partagÃ©,avoir,partage,partages,partage,partageons,partagez,partagent,partageais,partageais,partageait,partagions,partagiez,partageaient,partageai,partageas,partagea,partageÃ¢mes,partageÃ¢tes,partagÃ¨rent,partagerai,partageras,partagera,partagerons,partagerez,partageront,partagerais,partagerais,partagerait,partagerions,partageriez,partageraient,partage,partages,partage,partagions,partagiez,partagent,partageasse,partageasses,partageÃ¢t,partageassions,partageassiez,partageassent,partage,partageons,partagez
nettoyer,nettoyant,nettoyant,nettoyÃ©,avoir,nettoie,nettoies,nettoie,nettoyons,nettoyez,nettoient,nettoyais,nettoyais,nettoyait,nettoyions,nettoyiez,nettoyaient,nettoyai,nettoyas,nettoya,nettoyÃ¢mes,nettoyÃ¢tes,nettoyÃ¨rent,nettoierai,nettoieras,nettoiera,nettoierons,nettoierez,nettoieront,nettoierais,nettoierais,nettoierait,nettoierions,nettoieriez,nettoieraient,nettoie,nettoies,nettoie,nettoyions,nettoyiez,nettoient,nettoyasse,nettoyasses,nettoyÃ¢t,nettoyassions,nettoyassiez,nettoyassent,nettoie,nettoyons,nettoyez
nourrir,nourrissant,nourrissant,nourri,avoir,nourris,nourris,nourrit,nourrissons,nourrissez,nourrissent,nourrissais,nourrissais,nourrissait,nourrissions,nourrissiez,nourrissaient,nourris,nourris,nourrit,nourrÃ®mes,nourrÃ®tes,nourrirent,nourrirai,nourriras,nourrira,nourrirons,nourrirez,nourriront,nourrirais,nourrirais,nourrirait,nourririons,nourririez,nourriraient,nourrisse,nourrisses,nourrisse,nourrissions,nourrissiez,nourrissent,nourrisse,nourrisses,nourrÃ®t,nourrissions,nourrissiez,nourrissent,nourris,nourrissons,nourrissez
plaire,plaisant,plaisant,plu,avoir,plais,plais,plaÃ®t;plait,plaisons,plaisez,plaisent,plaisais,plaisais,plaisait,plaisions,plaisiez,plaisaient,plus,plus,plut,plÃ»mes,plÃ»tes,plurent,plairai,plairas,plaira,plairons,plairez,plairont,plairais,plairais,plairait,plairions,plairiez,plairaient,plaise,plaises,plaise,plaisions,plaisiez,plaisent,plusse,plusses,plÃ»t,plussions,plussiez,plussent,plais,plaisons,plaisez
amener,amenant,amenant,amenÃ©,avoir,amÃ¨ne,amÃ¨nes,amÃ¨ne,amenons,amenez,amÃ¨nent,amenais,amenais,amenait,amenions,ameniez,amenaient,amenai,amenas,amena,amenÃ¢mes,amenÃ¢tes,amenÃ¨rent,amÃ¨nerai,amÃ¨neras,amÃ¨nera,amÃ¨nerons,amÃ¨nerez,amÃ¨neront,amÃ¨nerais,amÃ¨nerais,amÃ¨nerait,amÃ¨nerions,amÃ¨neriez,amÃ¨neraient,amÃ¨ne,amÃ¨nes,amÃ¨ne,amenions,ameniez,amÃ¨nent,amenasse,amenasses,amenÃ¢t,amenassions,amenassiez,amenassent,amÃ¨ne,amenons,amenez
apporter,apportant,apportant,apportÃ©,avoir,apporte,apportes,apporte,apportons,apportez,apportent,apportais,apportais,apportait,apportions,apportiez,apportaient,apportai,apportas,apporta,apportÃ¢mes,apportÃ¢tes,apportÃ¨rent,apporterai,apporteras,apportera,apporterons,apporterez,apporteront,apporterais,apporterais,apporterait,apporterions,apporteriez,apporteraient,apporte,apportes,apporte,apportions,apportiez,apportent,apportasse,apportasses,apportÃ¢t,apportassions,apportassiez,apportassent,apporte,apportons,apportez
compter,comptant,comptant,comptÃ©,avoir,compte,comptes,compte,comptons,comptez,comptent,comptais,comptais,comptait,comptions,comptiez,comptaient,comptai,comptas,compta,comptÃ¢mes,comptÃ¢tes,comptÃ¨rent,compterai,compteras,comptera,compterons,compterez,compteront,compterais,compterais,compterait,compterions,compteriez,compteraient,compte,comptes,compte,comptions,comptiez,comptent,comptasse,comptasses,comptÃ¢t,comptassions,comptassiez,comptassent,compte,comptons,comptez
crier,criant,criant,criÃ©,avoir,crie,cries,crie,crions,criez,crient,criais,criais,criait,criions,criiez,criaient,criai,crias,cria,criÃ¢mes,criÃ¢tes,criÃ¨rent,crierai,crieras,criera,crierons,crierez,crieront,crierais,crierais,crierait,crierions,crieriez,crieraient,crie,cries,crie,criions,criiez,crient,criasse,criasses,criÃ¢t,criassions,criassiez,criassent,crie,crions,criez
descendre,descendant,descendant,descendu,Ãªtre,descends,descends,descend,descendons,descendez,descendent,descendais,descendais,descendait,descendions,descendiez,descendaient,descendis,descendis,descendit,descendÃ®mes,descendÃ®tes,descendirent,descendrai,descendras,descendra,descendrons,descendrez,descendront,descendrais,descendrais,descendrait,descendrions,descendriez,descendraient,descende,descendes,descende,descendions,descendiez,descendent,descendisse,descendisses,descendÃ®t,descendissions,descendissiez,descendissent,descends,descendons,descendez
donner,donnant,donnant,donnÃ©,avoir,donne,donnes,donne,donnons,donnez,donnent,donnais,donnais,donnait,donnions,donniez,donnaient,donnai,donnas,donna,donnÃ¢mes,donnÃ¢tes,donnÃ¨rent,donnerai,donneras,donnera,donnerons,donnerez,donneront,donnerais,donnerais,donnerait,donnerions,donneriez,donneraient,donne,donnes,donne,donnions,donniez,donnent,donnasse,donnasses,donnÃ¢t,donnassions,donnassiez,donnassent,donne,donnons,donnez
emporter,emportant,emportant,emportÃ©,avoir,emporte,emportes,emporte,emportons,emportez,emportent,emportais,emportais,emportait,emportions,emportiez,emportaient,emportai,emportas,emporta,emportÃ¢mes,emportÃ¢tes,emportÃ¨rent,emporterai,emporteras,emportera,emporterons,emporterez,emporteront,emporterais,emporterais,emporterait,emporterions,emporteriez,emporteraient,emporte,emportes,emporte,emportions,emportiez,emportent,emportasse,emportasses,emportÃ¢t,emportassions,emportassiez,emportassent,emporte,emportons,emportez
embrasser,embrassant,embrassant,embrassÃ©,avoir,embrasse,embrasses,embrasse,embrassons,embrassez,embrassent,embrassais,embrassais,embrassait,embrassions,embrassiez,embrassaient,embrassai,embrassas,embrassa,embrassÃ¢mes,embrassÃ¢tes,embrassÃ¨rent,embrasserai,embrasseras,embrassera,embrasserons,embrasserez,embrasseront,embrasserais,embrasserais,embrasserait,embrasserions,embrasseriez,embrasseraient,embrasse,embrasses,embrasse,embrassions,embrassiez,embrassent,embrassasse,embrassasses,embrassÃ¢t,embrassassions,embrassassiez,embrassassent,embrasse,embrassons,embrassez
entrer,entrant,entrant,entrÃ©,Ãªtre,entre,entres,entre,entrons,entrez,entrent,entrais,entrais,entrait,entrions,entriez,entraient,entrai,entras,entra,entrÃ¢mes,entrÃ¢tes,entrÃ¨rent,entrerai,entreras,entrera,entrerons,entrerez,entreront,entrerais,entrerais,entrerait,entrerions,entreriez,entreraient,entre,entres,entre,entrions,entriez,entrent,entrasse,entrasses,entrÃ¢t,entrassions,entrassiez,entrassent,entre,entrons,entrez
Ã©tudier,Ã©tudiant,Ã©tudiant,Ã©tudiÃ©,avoir,Ã©tudie,Ã©tudies,Ã©tudie,Ã©tudions,Ã©tudiez,Ã©tudient,Ã©tudiais,Ã©tudiais,Ã©tudiait,Ã©tudiions,Ã©tudiiez,Ã©tudiaient,Ã©tudiai,Ã©tudias,Ã©tudia,Ã©tudiÃ¢mes,Ã©tudiÃ¢tes,Ã©tudiÃ¨rent,Ã©tudierai,Ã©tudieras,Ã©tudiera,Ã©tudierons,Ã©tudierez,Ã©tudieront,Ã©tudierais,Ã©tudierais,Ã©tudierait,Ã©tudierions,Ã©tudieriez,Ã©tudieraient,Ã©tudie,Ã©tudies,Ã©tudie,Ã©tudiions,Ã©tudiiez,Ã©tudient,Ã©tudiasse,Ã©tudiasses,Ã©tudiÃ¢t,Ã©tudiassions,Ã©tudiassiez,Ã©tudiassent,Ã©tudie,Ã©tudions,Ã©tudiez
Ã©viter,Ã©vitant,Ã©vitant,Ã©vitÃ©,avoir,Ã©vite,Ã©vites,Ã©vite,Ã©vitons,Ã©vitez,Ã©vitent,Ã©vitais,Ã©vitais,Ã©vitait,Ã©vitions,Ã©vitiez,Ã©vitaient,Ã©vitai,Ã©vitas,Ã©vita,Ã©vitÃ¢mes,Ã©vitÃ¢tes,Ã©vitÃ¨rent,Ã©viterai,Ã©viteras,Ã©vitera,Ã©viterons,Ã©viterez,Ã©viteront,Ã©viterais,Ã©viterais,Ã©viterait,Ã©viterions,Ã©viteriez,Ã©viteraient,Ã©vite,Ã©vites,Ã©vite,Ã©vitions,Ã©vitiez,Ã©vitent,Ã©vitasse,Ã©vitasses,Ã©vitÃ¢t,Ã©vitassions,Ã©vitassiez,Ã©vitassent,Ã©vite,Ã©vitons,Ã©vitez
gagner,gagnant,gagnant,gagnÃ©,avoir,gagne,gagnes,gagne,gagnons,gagnez,gagnent,gagnais,gagnais,gagnait,gagnions,gagniez,gagnaient,gagnai,gagnas,gagna,gagnÃ¢mes,gagnÃ¢tes,gagnÃ¨rent,gagnerai,gagneras,gagnera,gagnerons,gagnerez,gagneront,gagnerais,gagnerais,gagnerait,gagnerions,gagneriez,gagneraient,gagne,gagnes,gagne,gagnions,gagniez,gagnent,gagnasse,gagnasses,gagnÃ¢t,gagnassions,gagnassiez,gagnassent,gagne,gagnons,gagnez
dÃ©cider,dÃ©cidant,dÃ©cidant,dÃ©cidÃ©,avoir,dÃ©cide,dÃ©cides,dÃ©cide,dÃ©cidons,dÃ©cidez,dÃ©cident,dÃ©cidais,dÃ©cidais,dÃ©cidait,dÃ©cidions,dÃ©cidiez,dÃ©cidaient,dÃ©cidai,dÃ©cidas,dÃ©cida,dÃ©cidÃ¢mes,dÃ©cidÃ¢tes,dÃ©cidÃ¨rent,dÃ©ciderai,dÃ©cideras,dÃ©cidera,dÃ©ciderons,dÃ©ciderez,dÃ©cideront,dÃ©ciderais,dÃ©ciderais,dÃ©ciderait,dÃ©ciderions,dÃ©cideriez,dÃ©cideraient,dÃ©cide,dÃ©cides,dÃ©cide,dÃ©cidions,dÃ©cidiez,dÃ©cident,dÃ©cidasse,dÃ©cidasses,dÃ©cidÃ¢t,dÃ©cidassions,dÃ©cidassiez,dÃ©cidassent,dÃ©cide,dÃ©cidons,dÃ©cidez
dÃ©crire,dÃ©crivant,dÃ©crivant,dÃ©crit,avoir,dÃ©cris,dÃ©cris,dÃ©crit,dÃ©crivons,dÃ©crivez,dÃ©crivent,dÃ©crivais,dÃ©crivais,dÃ©crivait,dÃ©crivions,dÃ©criviez,dÃ©crivaient,dÃ©crivis,dÃ©crivis,dÃ©crivit,dÃ©crivÃ®mes,dÃ©crivÃ®tes,dÃ©crivirent,dÃ©crirai,dÃ©criras,dÃ©crira,dÃ©crirons,dÃ©crirez,dÃ©criront,dÃ©crirais,dÃ©crirais,dÃ©crirait,dÃ©cririons,dÃ©cririez,dÃ©criraient,dÃ©crive,dÃ©crives,dÃ©crive,dÃ©crivions,dÃ©criviez,dÃ©crivent,dÃ©crivisse,dÃ©crivisses,dÃ©crivÃ®t,dÃ©crivissions,dÃ©crivissiez,dÃ©crivissent,dÃ©cris,dÃ©crivons,dÃ©crivez
dÃ©sirer,dÃ©sirant,dÃ©sirant,dÃ©sirÃ©,avoir,dÃ©sire,dÃ©sires,dÃ©sire,dÃ©sirons,dÃ©sirez,dÃ©sirent,dÃ©sirais,dÃ©sirais,dÃ©sirait,dÃ©sirions,dÃ©siriez,dÃ©siraient,dÃ©sirai,dÃ©siras,dÃ©sira,dÃ©sirÃ¢mes,dÃ©sirÃ¢tes,dÃ©sirÃ¨rent,dÃ©sirerai,dÃ©sireras,dÃ©sirera,dÃ©sirerons,dÃ©sirerez,dÃ©sireront,dÃ©sirerais,dÃ©sirerais,dÃ©sirerait,dÃ©sirerions,dÃ©sireriez,dÃ©sireraient,dÃ©sire,dÃ©sires,dÃ©sire,dÃ©sirions,dÃ©siriez,dÃ©sirent,dÃ©sirasse,dÃ©sirasses,dÃ©sirÃ¢t,dÃ©sirassions,dÃ©sirassiez,dÃ©sirassent,dÃ©sire,dÃ©sirons,dÃ©sirez
espÃ©rer,espÃ©rant,espÃ©rant,espÃ©rÃ©,avoir,espÃ¨re,espÃ¨res,espÃ¨re,espÃ©rons,espÃ©rez,espÃ¨rent,espÃ©rais,espÃ©rais,espÃ©rait,espÃ©rions,espÃ©riez,espÃ©raient,espÃ©rai,espÃ©ras,espÃ©ra,espÃ©rÃ¢mes,espÃ©rÃ¢tes,espÃ©rÃ¨rent,espÃ¨rerai;espÃ©rerai,espÃ¨reras;espÃ©reras,espÃ¨rera;espÃ©rera,espÃ¨rerons;espÃ©rerons,espÃ¨rerez;espÃ©rerez,espÃ¨reront;espÃ©reront,espÃ¨rerais;espÃ©rerais,espÃ¨rerais;espÃ©rerais,espÃ¨rerait;espÃ©rerait,espÃ¨rerions;espÃ©rerions,espÃ¨reriez;espÃ©reriez,espÃ¨reraient;espÃ©reraient,espÃ¨re,espÃ¨res,espÃ¨re,espÃ©rions,espÃ©riez,espÃ¨rent,espÃ©rasse,espÃ©rasses,espÃ©rÃ¢t,espÃ©rassions,espÃ©rassiez,espÃ©rassent,espÃ¨re,espÃ©rons,espÃ©rez
garder,gardant,gardant,gardÃ©,avoir,garde,gardes,garde,gardons,gardez,gardent,gardais,gardais,gardait,gardions,gardiez,gardaient,gardai,gardas,garda,gardÃ¢mes,gardÃ¢tes,gardÃ¨rent,garderai,garderas,gardera,garderons,garderez,garderont,garderais,garderais,garderait,garderions,garderiez,garderaient,garde,gardes,garde,gardions,gardiez,gardent,gardasse,gardasses,gardÃ¢t,gardassions,gardassiez,gardassent,garde,gardons,gardez
habiller,habillant,habillant,habillÃ©,avoir,habille,habilles,habille,habillons,habillez,habillent,habillais,habillais,habillait,habillions,habilliez,habillaient,habillai,habillas,habilla,habillÃ¢mes,habillÃ¢tes,habillÃ¨rent,habillerai,habilleras,habillera,habillerons,habillerez,habilleront,habillerais,habillerais,habillerait,habillerions,habilleriez,habilleraient,habille,habilles,habille,habillions,habilliez,habillent,habillasse,habillasses,habillÃ¢t,habillassions,habillassiez,habillassent,habille,habillons,habillez
souhaiter,souhaitant,souhaitant,souhaitÃ©,avoir,souhaite,souhaites,souhaite,souhaitons,souhaitez,souhaitent,souhaitais,souhaitais,souhaitait,souhaitions,souhaitiez,souhaitaient,souhaitai,souhaitas,souhaita,souhaitÃ¢mes,souhaitÃ¢tes,souhaitÃ¨rent,souhaiterai,souhaiteras,souhaitera,souhaiterons,souhaiterez,souhaiteront,souhaiterais,souhaiterais,souhaiterait,souhaiterions,souhaiteriez,souhaiteraient,souhaite,souhaites,souhaite,souhaitions,souhaitiez,souhaitent,souhaitasse,souhaitasses,souhaitÃ¢t,souhaitassions,souhaitassiez,souhaitassent,souhaite,souhaitons,souhaitez
suivre,suivant,suivant,suivi,avoir,suis,suis,suit,suivons,suivez,suivent,suivais,suivais,suivait,suivions,suiviez,suivaient,suivis,suivis,suivit,suivÃ®mes,suivÃ®tes,suivirent,suivrai,suivras,suivra,suivrons,suivrez,suivront,suivrais,suivrais,suivrait,suivrions,suivriez,suivraient,suive,suives,suive,suivions,suiviez,suivent,suivisse,suivisses,suivÃ®t,suivissions,suivissiez,suivissent,suis,suivons,suivez
travailler,travaillant,travaillant,travaillÃ©,avoir,travaille,travailles,travaille,travaillons,travaillez,travaillent,travaillais,travaillais,travaillait,travaillions,travailliez,travaillaient,travaillai,travaillas,travailla,travaillÃ¢mes,travaillÃ¢tes,travaillÃ¨rent,travaillerai,travailleras,travaillera,travaillerons,travaillerez,travailleront,travaillerais,travaillerais,travaillerait,travaillerions,travailleriez,travailleraient,travaille,travailles,travaille,travaillions,travailliez,travaillent,travaillasse,travaillasses,travaillÃ¢t,travaillassions,travaillassiez,travaillassent,travaille,travaillons,travaillez
